Type, Model,Action,date-month-year,Time
car,Unknown Model,Entry,25-03-2025,23:41:20
car,Unknown Model,Entry,25-03-2025,23:41:24
car,Unknown Model,Entry,25-03-2025,23:41:24
car,Unknown Model,Entry,25-03-2025,23:41:25
car,Unknown Model,Entry,25-03-2025,23:41:37
car,Unknown Model,Entry,25-03-2025,23:41:48
car,Unknown Model,Entry,25-03-2025,23:41:49
car,Unknown Model,Entry,25-03-2025,23:42:08
car,Unknown Model,Entry,25-03-2025,23:46:50
car,Unknown Model,Entry,25-03-2025,23:46:50
car,Unknown Model,Entry,25-03-2025,23:46:50
car,Unknown Model,Entry,25-03-2025,23:46:51
car,Unknown Model,Entry,25-03-2025,23:46:51
car,Unknown Model,Entry,25-03-2025,23:46:51
car,Unknown Model,Entry,25-03-2025,23:46:52
car,Unknown Model,Entry,25-03-2025,23:46:52
car,Unknown Model,Entry,25-03-2025,23:46:55
car,Unknown Model,Entry,25-03-2025,23:46:56
car,Unknown Model,Entry,25-03-2025,23:46:56
car,Unknown Model,Entry,25-03-2025,23:46:57
car,Unknown Model,Entry,25-03-2025,23:46:57
car,Unknown Model,Entry,25-03-2025,23:46:57
car,Unknown Model,Entry,25-03-2025,23:46:58
car,Unknown Model,Entry,25-03-2025,23:46:58
car,Unknown Model,Entry,25-03-2025,23:46:59
car,Unknown Model,Entry,25-03-2025,23:46:59
car,Unknown Model,Entry,25-03-2025,23:47:00
car,Unknown Model,Entry,25-03-2025,23:48:11
car,Unknown Model,Entry,25-03-2025,23:48:11
car,Unknown Model,Entry,25-03-2025,23:48:16
car,Unknown Model,Entry,25-03-2025,23:48:17
car,Unknown Model,Entry,25-03-2025,23:48:17
car,Unknown Model,Entry,25-03-2025,23:48:17
car,Unknown Model,Entry,25-03-2025,23:48:17
car,Unknown Model,Entry,25-03-2025,23:48:17
car,Unknown Model,Entry,25-03-2025,23:48:18
car,Unknown Model,Entry,25-03-2025,23:48:18
car,Unknown Model,Entry,25-03-2025,23:48:19
car,Unknown Model,Entry,25-03-2025,23:48:19
car,Unknown Model,Entry,25-03-2025,23:48:20
car,Unknown Model,Entry,25-03-2025,23:48:20
car,Unknown Model,Entry,25-03-2025,23:48:21
car,Unknown Model,Entry,25-03-2025,23:48:21
car,Unknown Model,Entry,25-03-2025,23:48:21
car,Unknown Model,Entry,25-03-2025,23:48:21
car,Unknown Model,Entry,25-03-2025,23:48:22
car,Unknown Model,Entry,25-03-2025,23:48:22
car,Unknown Model,Entry,25-03-2025,23:48:22
car,Unknown Model,Entry,25-03-2025,23:48:23
car,Unknown Model,Entry,25-03-2025,23:48:23
car,Unknown Model,Entry,25-03-2025,23:48:24
car,Unknown Model,Entry,25-03-2025,23:48:24
car,Unknown Model,Entry,25-03-2025,23:48:24
car,Unknown Model,Entry,25-03-2025,23:48:24
car,Unknown Model,Entry,25-03-2025,23:48:25
car,Unknown Model,Entry,25-03-2025,23:48:25
car,Unknown Model,Entry,25-03-2025,23:48:25
car,Unknown Model,Entry,25-03-2025,23:48:25
car,Unknown Model,Entry,25-03-2025,23:48:30
car,Unknown Model,Entry,25-03-2025,23:48:30
car,Unknown Model,Entry,25-03-2025,23:48:30
car,Unknown Model,Entry,25-03-2025,23:48:30
car,Unknown Model,Entry,25-03-2025,23:48:31
car,Unknown Model,Entry,25-03-2025,23:48:31
car,Unknown Model,Entry,25-03-2025,23:48:31
car,Unknown Model,Entry,25-03-2025,23:48:32
car,Unknown Model,Entry,25-03-2025,23:48:32
car,Unknown Model,Entry,25-03-2025,23:48:32
car,Unknown Model,Entry,25-03-2025,23:48:32
car,Unknown Model,Entry,25-03-2025,23:48:33
car,Unknown Model,Entry,25-03-2025,23:48:34
car,Unknown Model,Entry,25-03-2025,23:49:24
car,Unknown Model,Entry,2025-03-26,10:48:53
car,Unknown Model,Entry,2025-03-26,10:48:53
car,Unknown Model,Entry,2025-03-26,10:48:53
car,Unknown Model,Entry,2025-03-26,10:48:53
car,Unknown Model,Entry,2025-03-26,10:48:55
car,Unknown Model,Entry,2025-03-26,10:48:55
car,Unknown Model,Entry,2025-03-26,10:48:55
car,Unknown Model,Entry,2025-03-26,10:48:55
car,Unknown Model,Entry,2025-03-26,10:48:55
car,Unknown Model,Entry,2025-03-26,10:48:56
car,Unknown Model,Entry,2025-03-26,10:48:56
car,Unknown Model,Entry,2025-03-26,10:48:57
car,Unknown Model,Entry,2025-03-26,10:48:57
car,Unknown Model,Entry,2025-03-26,10:48:57
car,Unknown Model,Entry,2025-03-26,10:48:58
car,Unknown Model,Entry,2025-03-26,10:48:58
car,Unknown Model,Entry,2025-03-26,10:48:58
car,Unknown Model,Entry,2025-03-26,10:48:58
car,Unknown Model,Entry,2025-03-26,10:48:58
car,Unknown Model,Entry,2025-03-26,10:48:58
car,Unknown Model,Entry,2025-03-26,10:48:58
car,Unknown Model,Entry,2025-03-26,10:48:59
car,Unknown Model,Entry,2025-03-26,10:48:59
car,Unknown Model,Entry,2025-03-26,10:48:59
car,Unknown Model,Entry,2025-03-26,10:48:59
car,Unknown Model,Entry,2025-03-26,10:48:59
car,Unknown Model,Entry,2025-03-26,10:48:59
car,Unknown Model,Entry,2025-03-26,10:48:59
car,Unknown Model,Entry,2025-03-26,10:48:59
car,Unknown Model,Entry,2025-03-26,10:48:59
car,Unknown Model,Entry,2025-03-26,10:49:00
car,Unknown Model,Entry,2025-03-26,10:49:00
car,Unknown Model,Entry,2025-03-26,10:49:00
car,Unknown Model,Entry,2025-03-26,10:49:00
car,Unknown Model,Entry,2025-03-26,10:49:00
car,Unknown Model,Entry,2025-03-26,10:49:00
car,Unknown Model,Entry,2025-03-26,10:49:00
car,Unknown Model,Entry,2025-03-26,10:49:00
car,Unknown Model,Entry,2025-03-26,10:49:00
car,Unknown Model,Entry,2025-03-26,10:49:00
car,Unknown Model,Entry,2025-03-26,10:49:01
car,Unknown Model,Entry,2025-03-26,10:49:01
car,Unknown Model,Entry,2025-03-26,10:49:01
car,Unknown Model,Entry,2025-03-26,10:49:01
car,Unknown Model,Entry,2025-03-26,10:49:01
